{"entry":{"id":86,"inputs":[0,0,0,0,0,0,23,0,0,0,0,31,0,0,250,0,0,250,0,0,0,0,202,202,202,0,2,202,202,180,202,250,202,202,202,191,202,199,202,202,202,202,202,202,176,202,217,202,202,202,202,202,22,22,22,252,22,22,22,202,202,202,202,202,64,202,0,0,0,0,10,0,0,0,0,202,223,0,128,202,202,224,202,212,202,198,202,202,202,202,202,199,0,218,202,202,202,221,202,202,202,202,248,202,202,202,218,202,202,202,106,176,202,202,202,202,202,202,202,199,0,218,202,202,202,221,202,202,0,0,255,255,202,202,202,202,0,0,255,255,202,202,202,0,202,218,202,202,212,202,197,202,202,202,202,202,202,202,202,202,202,0,128,0,0,202,142,142,142,142,142,142,142,142,142,142,142,142,142,142,142,142,142,142,142,202,191,202,180,202,202,202,202,202,116,116,116,116,116,116,116,116,116,116,116,116,116,116,116,116,116,116,116,116,116,116,116,118,116,116,116,116,116,116,116,64,202,223,0,130,202,202,224,202,212,202,198,202,202,202,202,202,199,0,218,202,202,202,221,202,202,202,203,5,202,202,202,202,202,202,202,255,0,202,202,202,202,199,0,218,202,202,202,221,202,202,202,202,248,202,202,202,202,202,202,202,202,202],"lineage":{"parent":69,"mutation":{"mutator":{"id":4295032832,"seed":null},"ii":887}},"discovered_after":{"secs":5272,"nanos":836827576},"new_cov":[1769],"mutation_history":{"finished":[]}},"stats":{"mutators":[{"name":"bitflip  4/1","id":12884967424,"test_count":111409,"discovery_count":4,"last_discovery_after":{"secs":4033,"nanos":706887828},"tests_per_second":{"global":1713.2750404385488,"global_numerator":111409.0,"global_denominator":65.026920588,"local":1456.7539918997237,"local_numerator":2301.0,"local_denominator":1.579539176}},{"name":"interest 8/8","id":42949738496,"test_count":74880,"discovery_count":0,"last_discovery_after":null,"tests_per_second":{"global":2096.7544847490419,"global_numerator":74880.0,"global_denominator":35.71233568100001,"local":1893.0484393979623,"local_numerator":2592.0,"local_denominator":1.369220114}},{"name":"bitflip  1/1","id":4295032832,"test_count":113920,"discovery_count":16,"last_discovery_after":{"secs":5272,"nanos":836827576},"tests_per_second":{"global":1900.8045754823295,"global_numerator":113920.0,"global_denominator":59.932515667000007,"local":1439.1592602501783,"local_numerator":2304.0,"local_denominator":1.600934701}},{"name":"interest 16/8","id":47244705792,"test_count":165400,"discovery_count":1,"last_discovery_after":{"secs":1893,"nanos":402227902},"tests_per_second":{"global":2094.0116550361246,"global_numerator":165400.0,"global_denominator":78.98714393600003,"local":1445.3915886242294,"local_numerator":5740.0,"local_denominator":3.97124215}},{"name":"interest 32/8","id":51539673088,"test_count":130720,"discovery_count":3,"last_discovery_after":{"secs":1895,"nanos":44902577},"tests_per_second":{"global":2122.2959251077656,"global_numerator":130720.0,"global_denominator":61.59367242499999,"local":1603.6894555679119,"local_numerator":4048.0,"local_denominator":2.52417947}},{"name":"bitflip 32/8","id":25769869312,"test_count":13745,"discovery_count":1,"last_discovery_after":{"secs":6,"nanos":312862039},"tests_per_second":{"global":1787.6613515921093,"global_numerator":13745.0,"global_denominator":7.6888164460000019,"local":61211.95811040189,"local_numerator":285.0,"local_denominator":0.004655953}},{"name":"arith   32/8","id":38654771200,"test_count":1924300,"discovery_count":2,"last_discovery_after":{"secs":22,"nanos":920251223},"tests_per_second":{"global":1705.7519822817129,"global_numerator":1924300.0,"global_denominator":1128.1241469970005,"local":1392.5038171163693,"local_numerator":39900.0,"local_denominator":28.653422353}},{"name":"bitflip 16/8","id":21474902016,"test_count":13883,"discovery_count":3,"last_discovery_after":{"secs":3888,"nanos":393428193},"tests_per_second":{"global":1576.3112790285889,"global_numerator":13883.0,"global_denominator":8.80727061,"local":362.32567706858739,"local_numerator":287.0,"local_denominator":0.7921050540000001}},{"name":"bitflip  8/8","id":17179934720,"test_count":13952,"discovery_count":0,"last_discovery_after":null,"tests_per_second":{"global":2000.8979683596229,"global_numerator":13952.0,"global_denominator":6.9728692919999999,"local":34954.175440104016,"local_numerator":288.0,"local_denominator":0.008239359}},{"name":"random","id":644245094401,"test_count":0,"discovery_count":0,"last_discovery_after":null,"tests_per_second":{"global":null,"global_numerator":0.0,"global_denominator":0.0,"local":null,"local_numerator":0.0,"local_denominator":0.0}},{"name":"afl havoc","id":472446402561,"test_count":6609920,"discovery_count":47,"last_discovery_after":{"secs":3601,"nanos":671295618},"tests_per_second":{"global":3237.37107773403,"global_numerator":6609920.0,"global_denominator":2041.755437139,"local":2508.752028898079,"local_numerator":1024.0,"local_denominator":0.40817107}},{"name":"bitflip  2/1","id":8590000128,"test_count":111547,"discovery_count":6,"last_discovery_after":{"secs":4032,"nanos":890841267},"tests_per_second":{"global":1629.3341537197924,"global_numerator":111547.0,"global_denominator":68.461708573,"local":1457.5477748908584,"local_numerator":2303.0,"local_denominator":1.5800511240000002}},{"name":"arith    8/8","id":30064836608,"test_count":976640,"discovery_count":1,"last_discovery_after":{"secs":3967,"nanos":219813650},"tests_per_second":{"global":1706.489944294654,"global_numerator":976640.0,"global_denominator":572.3092616310001,"local":1369.135515418945,"local_numerator":20160.0,"local_denominator":14.724619859}},{"name":"arith   16/8","id":34359803904,"test_count":1943620,"discovery_count":2,"last_discovery_after":{"secs":4072,"nanos":319375240},"tests_per_second":{"global":1708.7395976414446,"global_numerator":1943620.0,"global_denominator":1137.4582778340003,"local":1399.3166773914609,"local_numerator":40180.0,"local_denominator":28.714014954}},{"name":"random biflips","id":429496729601,"test_count":0,"discovery_count":0,"last_discovery_after":null,"tests_per_second":{"global":null,"global_numerator":0.0,"global_denominator":0.0,"local":null,"local_numerator":0.0,"local_denominator":0.0}}],"tests_per_second":{"global":2314.494328065679,"global_numerator":12203936.0,"global_denominator":5272.8303768190039,"local":1439.1592602501783,"local_numerator":2304.0,"local_denominator":1.600934701},"cycles_per_test":{"global":2.9750850873029819,"global_numerator":36307748.0,"global_denominator":12203936.0,"local":9.0,"local_numerator":20736.0,"local_denominator":2304.0},"cycles_per_second":{"global":6885.817560075536,"global_numerator":36307748.0,"global_denominator":5272.8303768190039,"local":12952.433342251603,"local_numerator":20736.0,"local_denominator":1.600934701},