{"entry":{"id":83,"inputs":[0,0,0,0,0,0,23,0,0,0,0,31,0,0,250,0,0,250,0,0,0,0,202,202,0,0,2,202,202,180,202,169,202,195,202,179,191,202,199,202,218,202,202,212,202,197,202,215,191,215,202,202,184,154,202,202,250,202,202,202,191,202,199,202,202,202,202,202,202,202,202,217,202,202,202,202,202,22,22,22,22,22,22,22,202,202,202,202,202,202,202,199,0,218,202,202,202,221,202,202,217,202,248,202,202,202,202,202,202,199,71,199,199,199,199,199,199,199,202,199,0,218,202,202,202,221,202,202,202,203,248,202,202,202,202,202,202,202,202,177,202,202,202,0,202,218,202,202,212,202,197,202,202,202,202,202,202,202,202,202,202,0,128,0,0,202,202,202,83,202,215,215,215,215,215,215,202,202,184,202,202,202,250,202,202,202,191,202,199,202,202,202,202,202,202,202,202,202,202,202,202,202,202,22,22,22,22,22,22,22,202,202,202,202,202,64,202,0,0,0,0,0,0,0,0,0,202,223,0,128,202,202,224,202,212,202,198,202,202,202,202,202,199,0,218,202,202,202,221,202,202,202,202,248,202,202,202,202,202,202,202,202,202,202,202,202,202,199,0,218,202,202,202,221,202,202,202,202,248,202,202,202,202,202,202,202,202,202],"lineage":{"parent":56,"mutation":{"mutator":{"id":4295032832,"seed":null},"ii":887}},"discovered_after":{"secs":4183,"nanos":128992384},"new_cov":[1782],"mutation_history":{"finished":[]}},"stats":{"mutators":[{"name":"bitflip  4/1","id":12884967424,"test_count":80216,"discovery_count":4,"last_discovery_after":{"secs":4033,"nanos":706887828},"tests_per_second":{"global":1890.4094936108368,"global_numerator":80216.0,"global_denominator":42.433134339999998,"local":1444.1538322829595,"local_numerator":2301.0,"local_denominator":1.593320565}},{"name":"interest 8/8","id":42949738496,"test_count":74880,"discovery_count":0,"last_discovery_after":null,"tests_per_second":{"global":2096.7544847490419,"global_numerator":74880.0,"global_denominator":35.71233568100001,"local":1893.0484393979623,"local_numerator":2592.0,"local_denominator":1.369220114}},{"name":"bitflip  1/1","id":4295032832,"test_count":82688,"discovery_count":13,"last_discovery_after":{"secs":4183,"nanos":128992384},"tests_per_second":{"global":2193.2691997999825,"global_numerator":82688.0,"global_denominator":37.700798428000009,"local":1453.788926283795,"local_numerator":2304.0,"local_denominator":1.584824288}},{"name":"interest 16/8","id":47244705792,"test_count":165400,"discovery_count":1,"last_discovery_after":{"secs":1893,"nanos":402227902},"tests_per_second":{"global":2094.0116550361246,"global_numerator":165400.0,"global_denominator":78.98714393600003,"local":1445.3915886242294,"local_numerator":5740.0,"local_denominator":3.97124215}},{"name":"interest 32/8","id":51539673088,"test_count":130720,"discovery_count":3,"last_discovery_after":{"secs":1895,"nanos":44902577},"tests_per_second":{"global":2122.2959251077656,"global_numerator":130720.0,"global_denominator":61.59367242499999,"local":1603.6894555679119,"local_numerator":4048.0,"local_denominator":2.52417947}},{"name":"bitflip 32/8","id":25769869312,"test_count":9880,"discovery_count":1,"last_discovery_after":{"secs":6,"nanos":312862039},"tests_per_second":{"global":1897.8411542263739,"global_numerator":9880.0,"global_denominator":5.205915141000002,"local":16227296.020042133,"local_numerator":285.0,"local_denominator":0.000017563}},{"name":"arith   32/8","id":38654771200,"test_count":1383200,"discovery_count":2,"last_discovery_after":{"secs":22,"nanos":920251223},"tests_per_second":{"global":1907.0153943145429,"global_numerator":1383200.0,"global_denominator":725.3218847230004,"local":1423.7387392917447,"local_numerator":39900.0,"local_denominator":28.024804621}},{"name":"bitflip 16/8","id":21474902016,"test_count":9992,"discovery_count":3,"last_discovery_after":{"secs":3888,"nanos":393428193},"tests_per_second":{"global":2222.823204129912,"global_numerator":9992.0,"global_denominator":4.495184313999999,"local":105256.36342565085,"local_numerator":287.0,"local_denominator":0.0027266760000000005}},{"name":"bitflip  8/8","id":17179934720,"test_count":10048,"discovery_count":0,"last_discovery_after":null,"tests_per_second":{"global":1911.4350312887057,"global_numerator":10048.0,"global_denominator":5.2567834300000009,"local":360.38429353901349,"local_numerator":288.0,"local_denominator":0.7991469250000001}},{"name":"random","id":644245094401,"test_count":0,"discovery_count":0,"last_discovery_after":null,"tests_per_second":{"global":null,"global_numerator":0.0,"global_denominator":0.0,"local":null,"local_numerator":0.0,"local_denominator":0.0}},{"name":"afl havoc","id":472446402561,"test_count":6609920,"discovery_count":47,"last_discovery_after":{"secs":3601,"nanos":671295618},"tests_per_second":{"global":3237.37107773403,"global_numerator":6609920.0,"global_denominator":2041.755437139,"local":2508.752028898079,"local_numerator":1024.0,"local_denominator":0.40817107}},{"name":"bitflip  2/1","id":8590000128,"test_count":80328,"discovery_count":6,"last_discovery_after":{"secs":4032,"nanos":890841267},"tests_per_second":{"global":1845.1105495518819,"global_numerator":80328.0,"global_denominator":43.535602796,"local":1443.6473552469466,"local_numerator":2303.0,"local_denominator":1.595264932}},{"name":"arith    8/8","id":30064836608,"test_count":703360,"discovery_count":1,"last_discovery_after":{"secs":3967,"nanos":219813650},"tests_per_second":{"global":1908.6623661240136,"global_numerator":703360.0,"global_denominator":368.5093877700001,"local":1392.3688874467903,"local_numerator":20160.0,"local_denominator":14.478921629}},{"name":"arith   16/8","id":34359803904,"test_count":1398880,"discovery_count":2,"last_discovery_after":{"secs":4072,"nanos":319375240},"tests_per_second":{"global":1909.4362878500429,"global_numerator":1398880.0,"global_denominator":732.6141274790001,"local":1440.3611913331573,"local_numerator":40180.0,"local_denominator":27.895780754}},{"name":"random biflips","id":429496729601,"test_count":0,"discovery_count":0,"last_discovery_after":null,"tests_per_second":{"global":null,"global_numerator":0.0,"global_denominator":0.0,"local":null,"local_numerator":0.0,"local_denominator":0.0}}],"tests_per_second":{"global":2567.344084367966,"global_numerator":10739512.0,"global_denominator":4183.121407602002,"local":1453.788926283795,"local_numerator":2304.0,"local_denominator":1.584824288},"cycles_per_test":{"global":3.023745957916896,"global_numerator":32473556.0,"global_denominator":10739512.0,"local":9.0,"local_numerator":20736.0,"local_denominator":2304.0},"cycles_per_second":{"global":7762.996297689492,"global_numerator":32473556.0,"global_denominator":4183.121407602002,"local":13084.100336554155,"local_numerator":20736.0,"local_denominator":1.584824288},