{"entry":{"id":79,"inputs":[0,0,0,0,0,0,127,255,255,255,0,31,0,0,250,0,0,250,0,0,0,0,202,202,202,0,2,202,202,180,202,169,202,202,202,202,248,202,202,202,202,202,202,202,202,177,202,202,202,202,202,202,202,199,0,218,202,202,202,202,191,202,199,202,202,202,202,202,202,202,202,217,202,202,202,202,202,22,22,22,22,22,22,22,202,198,202,202,202,202,202,199,0,218,202,202,202,221,202,202,202,202,248,202,202,202,202,202,202,255,159,255,127,191,202,202,202,202,202,199,0,218,202,202,202,221,175,202,202,203,248,202,202,202,202,202,0,1,202,177,202,202,202,0,202,218,202,202,212,202,197,202,202,202,202,202,202,202,202,202,202,0,128,0,0,202,202,202,83,202,215,215,215,215,215,215,202,202,202,202,202,202,202,202,202,202,202,202,202,202,202,202,202,202,202,202,202,202,202,202,202,202,202,202,202,202,202,202,202,206,202,202,202,202,202,202,202,202,202,202,202,202,202,202,202,202,202,202,202,202,202,202,202,202,202,202,202,202,202,202,202,202,202,202,202,202,202,202,202,202,202,202,202,248,202,202,202,202,202,202,202,202,202,202,202,202,202,202,202,202,202,202,202,202,202,202,202,202,248,202,202,202,202,202,202,202,202,202],"lineage":{"parent":54,"mutation":{"mutator":{"id":8590000128,"seed":null},"ii":885}},"discovered_after":{"secs":4032,"nanos":890841267},"new_cov":[1784],"mutation_history":{"finished":[]}},"stats":{"mutators":[{"name":"bitflip  4/1","id":12884967424,"test_count":77915,"discovery_count":3,"last_discovery_after":{"secs":3876,"nanos":181859299},"tests_per_second":{"global":1907.819669043043,"global_numerator":77915.0,"global_denominator":40.839813774999999,"local":1441.3633118535936,"local_numerator":2301.0,"local_denominator":1.596405279}},{"name":"interest 8/8","id":42949738496,"test_count":74880,"discovery_count":0,"last_discovery_after":null,"tests_per_second":{"global":2096.7544847490419,"global_numerator":74880.0,"global_denominator":35.71233568100001,"local":1893.0484393979623,"local_numerator":2592.0,"local_denominator":1.369220114}},{"name":"bitflip  1/1","id":4295032832,"test_count":78080,"discovery_count":12,"last_discovery_after":{"secs":4031,"nanos":294721288},"tests_per_second":{"global":2262.9602761813218,"global_numerator":78080.0,"global_denominator":34.503477954000008,"local":1418.1686838044955,"local_numerator":2304.0,"local_denominator":1.624630431}},{"name":"interest 16/8","id":47244705792,"test_count":165400,"discovery_count":1,"last_discovery_after":{"secs":1893,"nanos":402227902},"tests_per_second":{"global":2094.0116550361246,"global_numerator":165400.0,"global_denominator":78.98714393600003,"local":1445.3915886242294,"local_numerator":5740.0,"local_denominator":3.97124215}},{"name":"interest 32/8","id":51539673088,"test_count":130720,"discovery_count":3,"last_discovery_after":{"secs":1895,"nanos":44902577},"tests_per_second":{"global":2122.2959251077656,"global_numerator":130720.0,"global_denominator":61.59367242499999,"local":1603.6894555679119,"local_numerator":4048.0,"local_denominator":2.52417947}},{"name":"bitflip 32/8","id":25769869312,"test_count":9310,"discovery_count":1,"last_discovery_after":{"secs":6,"nanos":312862039},"tests_per_second":{"global":1788.366790473506,"global_numerator":9310.0,"global_denominator":5.205867191000002,"local":14323767.40212092,"local_numerator":285.0,"local_denominator":0.000019897000000000004}},{"name":"arith   32/8","id":38654771200,"test_count":1303400,"discovery_count":2,"last_discovery_after":{"secs":22,"nanos":920251223},"tests_per_second":{"global":1948.6762830181399,"global_numerator":1303400.0,"global_denominator":668.8643010430003,"local":1377.069131457529,"local_numerator":39900.0,"local_denominator":28.974580207}},{"name":"bitflip 16/8","id":21474902016,"test_count":9418,"discovery_count":3,"last_discovery_after":{"secs":3888,"nanos":393428193},"tests_per_second":{"global":2098.8034663051837,"global_numerator":9418.0,"global_denominator":4.48731868,"local":59449.34987889526,"local_numerator":287.0,"local_denominator":0.004827639}},{"name":"bitflip  8/8","id":17179934720,"test_count":9472,"discovery_count":0,"last_discovery_after":null,"tests_per_second":{"global":2600.982447417687,"global_numerator":9472.0,"global_denominator":3.6417008539999999,"local":336.42972426609966,"local_numerator":288.0,"local_denominator":0.8560480220000001}},{"name":"random","id":644245094401,"test_count":0,"discovery_count":0,"last_discovery_after":null,"tests_per_second":{"global":null,"global_numerator":0.0,"global_denominator":0.0,"local":null,"local_numerator":0.0,"local_denominator":0.0}},{"name":"afl havoc","id":472446402561,"test_count":6609920,"discovery_count":47,"last_discovery_after":{"secs":3601,"nanos":671295618},"tests_per_second":{"global":3237.37107773403,"global_numerator":6609920.0,"global_denominator":2041.755437139,"local":2508.752028898079,"local_numerator":1024.0,"local_denominator":0.40817107}},{"name":"bitflip  2/1","id":8590000128,"test_count":78025,"discovery_count":6,"last_discovery_after":{"secs":4032,"nanos":890841267},"tests_per_second":{"global":1860.3808165068149,"global_numerator":78025.0,"global_denominator":41.940337864,"local":1437.7118594138797,"local_numerator":2303.0,"local_denominator":1.601850875}},{"name":"arith    8/8","id":30064836608,"test_count":663040,"discovery_count":1,"last_discovery_after":{"secs":3967,"nanos":219813650},"tests_per_second":{"global":1954.7663438634104,"global_numerator":663040.0,"global_denominator":339.1914343530001,"local":1318.6072429351578,"local_numerator":20160.0,"local_denominator":15.288858838}},{"name":"arith   16/8","id":34359803904,"test_count":1318520,"discovery_count":0,"last_discovery_after":null,"tests_per_second":{"global":1949.991047508902,"global_numerator":1318520.0,"global_denominator":676.1672068620001,"local":1366.5170284040394,"local_numerator":40180.0,"local_denominator":29.4032194}},{"name":"random biflips","id":429496729601,"test_count":0,"discovery_count":0,"last_discovery_after":null,"tests_per_second":{"global":null,"global_numerator":0.0,"global_denominator":0.0,"local":null,"local_numerator":0.0,"local_denominator":0.0}}],"tests_per_second":{"global":2610.5596421740976,"global_numerator":10528100.0,"global_denominator":4032.890047757003,"local":1441.3633118535936,"local_numerator":2301.0,"local_denominator":1.596405279},"cycles_per_test":{"global":3.043797836266753,"global_numerator":32045408.0,"global_denominator":10528100.0,"local":9.0,"local_numerator":20709.0,"local_denominator":2301.0},"cycles_per_second":{"global":7946.015790294826,"global_numerator":32045408.0,"global_denominator":4032.890047757003,"local":12972.269806682341,"local_numerator":20709.0,"local_denominator":1.596405279},