{"entry":{"id":76,"inputs":[0,0,0,0,0,0,23,0,0,0,0,31,0,0,255,0,0,250,0,0,0,0,202,202,202,0,2,202,202,180,202,169,202,195,202,179,191,202,199,202,218,202,202,212,202,197,202,215,215,215,202,202,184,202,202,202,250,202,202,202,191,202,199,202,202,202,202,218,202,202,212,202,197,202,202,202,202,202,202,202,202,202,202,0,128,0,0,202,202,202,83,202,215,215,215,215,215,215,202,202,184,202,202,202,250,202,202,202,191,202,199,231,202,202,202,202,202,202,202,202,202,202,202,202,202,22,22,22,22,22,22,22,202,202,202,202,202,64,202,0,0,0,0,0,0,0,218,202,202,202,221,202,202,202,203,248,202,202,202,202,202,202,202,202,177,202,202,202,0,202,218,202,202,212,202,197,202,202,202,202,202,202,202,202,202,202,0,128,0,0,202,202,202,83,202,215,215,215,215,215,215,202,202,184,202,202,202,250,202,202,202,191,202,199,202,202,202,202,202,202,202,202,202,202,202,202,202,202,22,22,22,22,22,22,22,202,202,202,202,202,64,202,0,0,0,0,0,0,0,0,0,202,223,0,128,202,202,224,202,212,202,198,202,202,202,202,202,199,0,218,202,202,202,221,202,202,202,202,248,202,202,202,202,202,202,202,202,202],"lineage":{"parent":53,"mutation":{"mutator":{"id":30064836608,"seed":null},"ii":7828}},"discovered_after":{"secs":3967,"nanos":219813650},"new_cov":[537,1331],"mutation_history":{"finished":[]}},"stats":{"mutators":[{"name":"bitflip  4/1","id":12884967424,"test_count":75614,"discovery_count":3,"last_discovery_after":{"secs":3876,"nanos":181859299},"tests_per_second":{"global":1926.7949165961769,"global_numerator":75614.0,"global_denominator":39.243408495999997,"local":1392.778160869451,"local_numerator":2301.0,"local_denominator":1.652093682}},{"name":"interest 8/8","id":42949738496,"test_count":74880,"discovery_count":0,"last_discovery_after":null,"tests_per_second":{"global":2096.7544847490419,"global_numerator":74880.0,"global_denominator":35.71233568100001,"local":1893.0484393979623,"local_numerator":2592.0,"local_denominator":1.369220114}},{"name":"bitflip  1/1","id":4295032832,"test_count":75776,"discovery_count":10,"last_discovery_after":{"secs":3951,"nanos":888615511},"tests_per_second":{"global":2304.7036532223889,"global_numerator":75776.0,"global_denominator":32.878847523000008,"local":1374.1534342579608,"local_numerator":2304.0,"local_denominator":1.676668662}},{"name":"interest 16/8","id":47244705792,"test_count":165400,"discovery_count":1,"last_discovery_after":{"secs":1893,"nanos":402227902},"tests_per_second":{"global":2094.0116550361246,"global_numerator":165400.0,"global_denominator":78.98714393600003,"local":1445.3915886242294,"local_numerator":5740.0,"local_denominator":3.97124215}},{"name":"interest 32/8","id":51539673088,"test_count":130720,"discovery_count":3,"last_discovery_after":{"secs":1895,"nanos":44902577},"tests_per_second":{"global":2122.2959251077656,"global_numerator":130720.0,"global_denominator":61.59367242499999,"local":1603.6894555679119,"local_numerator":4048.0,"local_denominator":2.52417947}},{"name":"bitflip 32/8","id":25769869312,"test_count":9310,"discovery_count":1,"last_discovery_after":{"secs":6,"nanos":312862039},"tests_per_second":{"global":1788.366790473506,"global_numerator":9310.0,"global_denominator":5.205867191000002,"local":14323767.40212092,"local_numerator":285.0,"local_denominator":0.000019897000000000004}},{"name":"arith   32/8","id":38654771200,"test_count":1263500,"discovery_count":2,"last_discovery_after":{"secs":22,"nanos":920251223},"tests_per_second":{"global":1974.5589886164576,"global_numerator":1263500.0,"global_denominator":639.8897208360003,"local":1375.5115493495167,"local_numerator":39900.0,"local_denominator":29.007390028}},{"name":"bitflip 16/8","id":21474902016,"test_count":9418,"discovery_count":3,"last_discovery_after":{"secs":3888,"nanos":393428193},"tests_per_second":{"global":2098.8034663051837,"global_numerator":9418.0,"global_denominator":4.48731868,"local":59449.34987889526,"local_numerator":287.0,"local_denominator":0.004827639}},{"name":"bitflip  8/8","id":17179934720,"test_count":9472,"discovery_count":0,"last_discovery_after":null,"tests_per_second":{"global":2600.982447417687,"global_numerator":9472.0,"global_denominator":3.6417008539999999,"local":336.42972426609966,"local_numerator":288.0,"local_denominator":0.8560480220000001}},{"name":"random","id":644245094401,"test_count":0,"discovery_count":0,"last_discovery_after":null,"tests_per_second":{"global":null,"global_numerator":0.0,"global_denominator":0.0,"local":null,"local_numerator":0.0,"local_denominator":0.0}},{"name":"afl havoc","id":472446402561,"test_count":6609920,"discovery_count":47,"last_discovery_after":{"secs":3601,"nanos":671295618},"tests_per_second":{"global":3237.37107773403,"global_numerator":6609920.0,"global_denominator":2041.755437139,"local":2508.752028898079,"local_numerator":1024.0,"local_denominator":0.40817107}},{"name":"bitflip  2/1","id":8590000128,"test_count":75722,"discovery_count":5,"last_discovery_after":{"secs":3953,"nanos":546580475},"tests_per_second":{"global":1877.1651009282726,"global_numerator":75722.0,"global_denominator":40.338486989,"local":1363.3146029850698,"local_numerator":2303.0,"local_denominator":1.6892652620000002}},{"name":"arith    8/8","id":30064836608,"test_count":642880,"discovery_count":1,"last_discovery_after":{"secs":3967,"nanos":219813650},"tests_per_second":{"global":1984.7943443420627,"global_numerator":642880.0,"global_denominator":323.9025755150001,"local":1372.8567047609798,"local_numerator":20160.0,"local_denominator":14.68470812}},{"name":"arith   16/8","id":34359803904,"test_count":1278340,"discovery_count":0,"last_discovery_after":null,"tests_per_second":{"global":1976.5169749422815,"global_numerator":1278340.0,"global_denominator":646.763987462,"local":1402.7286134563163,"local_numerator":40180.0,"local_denominator":28.644172233}},{"name":"random biflips","id":429496729601,"test_count":0,"discovery_count":0,"last_discovery_after":null,"tests_per_second":{"global":null,"global_numerator":0.0,"global_denominator":0.0,"local":null,"local_numerator":0.0,"local_denominator":0.0}}],"tests_per_second":{"global":2635.2798591881589,"global_numerator":10420952.0,"global_denominator":3954.4005027270029,"local":14323767.40212092,"local_numerator":285.0,"local_denominator":0.000019897000000000004},"cycles_per_test":{"global":3.0533060703091237,"global_numerator":31818356.0,"global_denominator":10420952.0,"local":9.0,"local_numerator":2565.0,"local_denominator":285.0},"cycles_per_second":{"global":8046.315991022577,"global_numerator":31818356.0,"global_denominator":3954.4005027270029,"local":128913906.61908829,"local_numerator":2565.0,"local_denominator":0.000019897000000000004},