{"entry":{"id":42,"inputs":[0,0,0,0,0,0,23,0,0,0,0,31,0,0,250,0,0,250,0,0,0,0,202,202,202,0,2,202,202,180,202,169,202,195,202,179,191,202,199,202,218,202,202,212,202,197,202,215,215,215,202,202,184,202,202,202,250,202,202,202,191,202,199,202,202,202,202,202,202,202,202,217,202,202,202,202,202,22,22,22,22,22,22,22,202,202,202,202,202,64,202,0,0,0,0,0,0,0,0,0,202,223,0,128,202,202,224,202,212,202,198,202,202,202,202,202,199,0,218,202,202,202,221,202,202,202,202,248,202,202,202,202,202,202,202,202,177,202,202,202,202,202,202,202,199,0,218,202,202,202,221,202,202,202,203,248,202,202,202,202,202,202,202,202,177,202,202,202,0,202,218,202,202,212,202,197,202,202,202,202,202,202,202,202,202,202,0,128,0,0,202,202,202,83,202,215,215,215,215,215,215,202,202,184,202,202,202,250,202,202,202,191,202,199,202,202,202,202,202,202,202,202,202,202,202,202,202,202,22,22,22,22,22,22,22,202,202,202,202,202,64,202,0,0,0,0,0,0,0,0,0,202,223,0,128,202,202,224,202,212,202,198,202,202,202,202,202,199,0,218,202,202,202,221,202,202,202,202,248,202,202,202,202,202,202,202,202,202],"lineage":{"parent":29,"mutation":{"mutator":{"id":472446402561,"seed":[3004855187,1629712661,653842208,3702885147]},"ii":581}},"discovered_after":{"secs":1087,"nanos":667163482},"new_cov":[1465,1510],"mutation_history":{"finished":[]}},"stats":{"mutators":[{"name":"bitflip  4/1","id":12884967424,"test_count":34726,"discovery_count":0,"last_discovery_after":null,"tests_per_second":{"global":2421.6603197076176,"global_numerator":34726.0,"global_denominator":14.339748526000001,"local":2737.248011880792,"local_numerator":1533.0,"local_denominator":0.560051553}},{"name":"interest 8/8","id":42949738496,"test_count":39168,"discovery_count":0,"last_discovery_after":null,"tests_per_second":{"global":2224.7304633154865,"global_numerator":39168.0,"global_denominator":17.605728265,"local":3076.121910392686,"local_numerator":1728.0,"local_denominator":0.5617462670000001}},{"name":"bitflip  1/1","id":4295032832,"test_count":34816,"discovery_count":4,"last_discovery_after":{"secs":0,"nanos":495633892},"tests_per_second":{"global":2993.9672782178665,"global_numerator":34816.0,"global_denominator":11.628717605999999,"local":5885.143516121293,"local_numerator":1536.0,"local_denominator":0.260996184}},{"name":"interest 16/8","id":47244705792,"test_count":86440,"discovery_count":0,"last_discovery_after":null,"tests_per_second":{"global":2337.2980812527455,"global_numerator":86440.0,"global_denominator":36.982873812,"local":1711.1950451783044,"local_numerator":3820.0,"local_denominator":2.23235803}},{"name":"interest 32/8","id":51539673088,"test_count":64144,"discovery_count":2,"last_discovery_after":{"secs":28,"nanos":271247677},"tests_per_second":{"global":2373.976118287081,"global_numerator":64144.0,"global_denominator":27.019648388999998,"local":1813.6883931923904,"local_numerator":3024.0,"local_denominator":1.667320589}},{"name":"bitflip 32/8","id":25769869312,"test_count":4262,"discovery_count":1,"last_discovery_after":{"secs":6,"nanos":312862039},"tests_per_second":{"global":1745.9549989463756,"global_numerator":4262.0,"global_denominator":2.441070934000001,"local":22115609.641937749,"local_numerator":189.0,"local_denominator":0.000008546000000000001}},{"name":"arith   32/8","id":38654771200,"test_count":596680,"discovery_count":2,"last_discovery_after":{"secs":22,"nanos":920251223},"tests_per_second":{"global":2350.0251380351307,"global_numerator":596680.0,"global_denominator":253.90366696200005,"local":2051.897278621945,"local_numerator":26460.0,"local_denominator":12.895382374}},{"name":"bitflip 16/8","id":21474902016,"test_count":4322,"discovery_count":1,"last_discovery_after":{"secs":6,"nanos":311995971},"tests_per_second":{"global":1665.0162536559818,"global_numerator":4322.0,"global_denominator":2.5957704560000005,"local":21763901.54968095,"local_numerator":191.0,"local_denominator":0.000008776}},{"name":"bitflip  8/8","id":17179934720,"test_count":4352,"discovery_count":0,"last_discovery_after":null,"tests_per_second":{"global":2405.5790995283975,"global_numerator":4352.0,"global_denominator":1.8091277900000003,"local":69473.94473781907,"local_numerator":192.0,"local_denominator":0.0027636260000000005}},{"name":"random","id":644245094401,"test_count":0,"discovery_count":0,"last_discovery_after":null,"tests_per_second":{"global":null,"global_numerator":0.0,"global_denominator":0.0,"local":null,"local_numerator":0.0,"local_denominator":0.0}},{"name":"afl havoc","id":472446402561,"test_count":1191936,"discovery_count":32,"last_discovery_after":{"secs":1087,"nanos":667163482},"tests_per_second":{"global":3751.679975961447,"global_numerator":1191936.0,"global_denominator":317.7072691800002,"local":2556.2850148949785,"local_numerator":1024.0,"local_denominator":0.40058131}},{"name":"bitflip  2/1","id":8590000128,"test_count":34786,"discovery_count":0,"last_discovery_after":null,"tests_per_second":{"global":2384.264355111467,"global_numerator":34786.0,"global_denominator":14.589825128000001,"local":1362.9201000877025,"local_numerator":1535.0,"local_denominator":1.126258245}},{"name":"arith    8/8","id":30064836608,"test_count":304640,"discovery_count":0,"last_discovery_after":null,"tests_per_second":{"global":2351.8298468977948,"global_numerator":304640.0,"global_denominator":129.53318047300002,"local":2001.0606026170422,"local_numerator":13440.0,"local_denominator":6.716438264}},{"name":"arith   16/8","id":34359803904,"test_count":605080,"discovery_count":0,"last_discovery_after":null,"tests_per_second":{"global":2349.7599824375045,"global_numerator":605080.0,"global_denominator":257.507151591,"local":1984.993814955248,"local_numerator":26740.0,"local_denominator":13.47107472}},{"name":"random biflips","id":429496729601,"test_count":0,"discovery_count":0,"last_discovery_after":null,"tests_per_second":{"global":null,"global_numerator":0.0,"global_denominator":0.0,"local":null,"local_numerator":0.0,"local_denominator":0.0}}],"tests_per_second":{"global":2763.125938103465,"global_numerator":3005352.0,"global_denominator":1087.663779111998,"local":2556.2850148949785,"local_numerator":1024.0,"local_denominator":0.40058131},"cycles_per_test":{"global":2.6258814275332806,"global_numerator":7891698.0,"global_denominator":3005352.0,"local":4.05078125,"local_numerator":4148.0,"local_denominator":1024.0},"cycles_per_second":{"global":7255.641082801362,"global_numerator":7891698.0,"global_denominator":1087.663779111998,"local":10354.951407992548,"local_numerator":4148.0,"local_denominator":0.40058131},