{"entry":{"id":72,"inputs":[0,0,0,0,0,0,23,0,0,0,0,31,0,0,250,0,0,250,0,0,0,0,202,202,202,0,2,202,202,180,202,250,202,202,202,191,202,199,202,202,202,202,202,202,176,202,217,202,202,202,202,202,22,22,22,252,22,22,22,202,202,202,202,202,64,202,0,0,0,0,10,0,0,0,0,202,223,0,128,202,202,224,202,212,202,198,202,202,202,202,202,199,0,218,202,202,202,221,202,202,202,202,248,202,202,202,218,202,202,202,53,79,202,202,202,202,202,202,202,199,0,218,202,202,202,221,202,202,0,0,255,255,202,202,202,202,0,0,255,255,202,202,202,0,202,218,202,202,212,202,197,202,202,202,202,202,202,202,202,202,202,0,128,0,0,202,142,142,142,142,142,142,142,142,142,142,142,142,142,142,142,142,142,142,142,202,191,202,180,202,202,202,202,202,116,116,116,116,116,116,116,116,116,116,116,116,116,116,116,116,116,116,116,116,116,116,116,118,116,116,116,116,116,116,116,64,202,223,0,130,202,202,224,202,212,202,198,202,202,202,202,202,199,0,218,202,202,202,221,202,202,202,203,5,202,202,202,202,202,202,202,255,0,202,202,202,202,199,0,218,202,202,202,221,202,202,202,202,248,202,202,202,202,202,202,202,202,202],"lineage":{"parent":52,"mutation":{"mutator":{"id":21474902016,"seed":null},"ii":110}},"discovered_after":{"secs":3888,"nanos":393428193},"new_cov":[1781],"mutation_history":{"finished":[]}},"stats":{"mutators":[{"name":"bitflip  4/1","id":12884967424,"test_count":73313,"discovery_count":3,"last_discovery_after":{"secs":3876,"nanos":181859299},"tests_per_second":{"global":1950.264319371354,"global_numerator":73313.0,"global_denominator":37.59131481399999,"local":1429.4592801340724,"local_numerator":2301.0,"local_denominator":1.609699578}},{"name":"interest 8/8","id":42949738496,"test_count":74880,"discovery_count":0,"last_discovery_after":null,"tests_per_second":{"global":2096.7544847490419,"global_numerator":74880.0,"global_denominator":35.71233568100001,"local":1893.0484393979623,"local_numerator":2592.0,"local_denominator":1.369220114}},{"name":"bitflip  1/1","id":4295032832,"test_count":73472,"discovery_count":9,"last_discovery_after":{"secs":3872,"nanos":947663304},"tests_per_second":{"global":2354.707353204541,"global_numerator":73472.0,"global_denominator":31.202178861000005,"local":1425.9506562834229,"local_numerator":2304.0,"local_denominator":1.6157641850000002}},{"name":"interest 16/8","id":47244705792,"test_count":165400,"discovery_count":1,"last_discovery_after":{"secs":1893,"nanos":402227902},"tests_per_second":{"global":2094.0116550361246,"global_numerator":165400.0,"global_denominator":78.98714393600003,"local":1445.3915886242294,"local_numerator":5740.0,"local_denominator":3.97124215}},{"name":"interest 32/8","id":51539673088,"test_count":130720,"discovery_count":3,"last_discovery_after":{"secs":1895,"nanos":44902577},"tests_per_second":{"global":2122.2959251077656,"global_numerator":130720.0,"global_denominator":61.59367242499999,"local":1603.6894555679119,"local_numerator":4048.0,"local_denominator":2.52417947}},{"name":"bitflip 32/8","id":25769869312,"test_count":9025,"discovery_count":1,"last_discovery_after":{"secs":6,"nanos":312862039},"tests_per_second":{"global":1733.6274942989128,"global_numerator":9025.0,"global_denominator":5.2058472940000028,"local":10442620.548145976,"local_numerator":285.0,"local_denominator":0.000027292000000000003}},{"name":"arith   32/8","id":38654771200,"test_count":1223600,"discovery_count":2,"last_discovery_after":{"secs":22,"nanos":920251223},"tests_per_second":{"global":2003.0044057446742,"global_numerator":1223600.0,"global_denominator":610.8823308080002,"local":1362.7189193646512,"local_numerator":39900.0,"local_denominator":29.279699161}},{"name":"bitflip 16/8","id":21474902016,"test_count":9131,"discovery_count":3,"last_discovery_after":{"secs":3888,"nanos":393428193},"tests_per_second":{"global":2037.0369770918638,"global_numerator":9131.0,"global_denominator":4.482491040999999,"local":8988412.151581584,"local_numerator":287.0,"local_denominator":0.00003193}},{"name":"bitflip  8/8","id":17179934720,"test_count":9184,"discovery_count":0,"last_discovery_after":null,"tests_per_second":{"global":3296.893243299889,"global_numerator":9184.0,"global_denominator":2.785652832,"local":29403.47395919104,"local_numerator":288.0,"local_denominator":0.009794761}},{"name":"random","id":644245094401,"test_count":0,"discovery_count":0,"last_discovery_after":null,"tests_per_second":{"global":null,"global_numerator":0.0,"global_denominator":0.0,"local":null,"local_numerator":0.0,"local_denominator":0.0}},{"name":"afl havoc","id":472446402561,"test_count":6609920,"discovery_count":47,"last_discovery_after":{"secs":3601,"nanos":671295618},"tests_per_second":{"global":3237.37107773403,"global_numerator":6609920.0,"global_denominator":2041.755437139,"local":2508.752028898079,"local_numerator":1024.0,"local_denominator":0.40817107}},{"name":"bitflip  2/1","id":8590000128,"test_count":73419,"discovery_count":3,"last_discovery_after":{"secs":3874,"nanos":572559247},"tests_per_second":{"global":1899.6242801109275,"global_numerator":73419.0,"global_denominator":38.649221727000007,"local":1418.9855793597263,"local_numerator":2303.0,"local_denominator":1.6229904190000002}},{"name":"arith    8/8","id":30064836608,"test_count":622720,"discovery_count":0,"last_discovery_after":null,"tests_per_second":{"global":2013.8551670577529,"global_numerator":622720.0,"global_denominator":309.2178673950001,"local":1362.3988643282569,"local_numerator":20160.0,"local_denominator":14.797428659}},{"name":"arith   16/8","id":34359803904,"test_count":1238160,"discovery_count":0,"last_discovery_after":null,"tests_per_second":{"global":2003.1067917492474,"global_numerator":1238160.0,"global_denominator":618.1198152290001,"local":1372.3961836918175,"local_numerator":40180.0,"local_denominator":29.277260078}},{"name":"random biflips","id":429496729601,"test_count":0,"discovery_count":0,"last_discovery_after":null,"tests_per_second":{"global":null,"global_numerator":0.0,"global_denominator":0.0,"local":null,"local_numerator":0.0,"local_denominator":0.0}}],"tests_per_second":{"global":2660.591065027372,"global_numerator":10312944.0,"global_denominator":3876.185309182003,"local":10442620.548145976,"local_numerator":285.0,"local_denominator":0.000027292000000000003},"cycles_per_test":{"global":3.062516775035334,"global_numerator":31583564.0,"global_denominator":10312944.0,"local":9.0,"local_numerator":2565.0,"local_denominator":285.0},"cycles_per_second":{"global":8148.104768155454,"global_numerator":31583564.0,"global_denominator":3876.185309182003,"local":93983584.93331379,"local_numerator":2565.0,"local_denominator":0.000027292000000000003},