{"entry":{"id":68,"inputs":[0,0,0,0,0,0,23,0,0,0,0,31,0,0,250,0,0,250,0,0,0,0,202,202,202,0,2,202,202,180,202,169,202,195,202,179,191,202,199,202,218,202,202,212,202,197,202,215,215,215,202,202,184,22,22,22,22,22,22,202,202,202,202,202,64,202,0,0,0,0,0,0,0,0,0,202,223,0,128,202,202,224,202,212,202,198,202,202,202,202,202,199,0,218,202,202,202,221,202,202,202,202,248,202,202,202,202,202,202,202,53,78,202,202,202,202,202,202,202,199,0,218,202,202,202,221,202,16,202,203,248,202,202,202,234,202,202,202,202,177,202,202,202,0,202,218,202,202,212,202,197,202,202,202,202,202,202,202,202,202,202,0,128,0,0,202,202,202,83,202,215,215,215,215,215,215,202,202,184,202,202,202,250,202,202,202,191,202,199,202,202,202,202,202,202,202,202,202,202,202,202,202,202,22,22,22,22,22,128,202,202,224,202,212,202,198,202,202,202,202,202,199,0,218,202,202,202,221,202,202,202,202,248,202,202,202,202,202,202,202,202,202,199,0,218,202,202,202,221,202,202,202,202,248,202,202,202,202,202,202,202,202,202,202,202,202,202,199,0,218,202,202,202,221,202,202,202,202,248,202,202,202,202,202,202,202,202,202],"lineage":{"parent":51,"mutation":{"mutator":{"id":21474902016,"seed":null},"ii":110}},"discovered_after":{"secs":3810,"nanos":210558400},"new_cov":[1765,1776],"mutation_history":{"finished":[]}},"stats":{"mutators":[{"name":"bitflip  4/1","id":12884967424,"test_count":71012,"discovery_count":2,"last_discovery_after":{"secs":3797,"nanos":969651750},"tests_per_second":{"global":1973.5634304974649,"global_numerator":71012.0,"global_denominator":35.981615235999999,"local":1390.1796744758779,"local_numerator":2301.0,"local_denominator":1.6551817309999999}},{"name":"interest 8/8","id":42949738496,"test_count":74880,"discovery_count":0,"last_discovery_after":null,"tests_per_second":{"global":2096.7544847490419,"global_numerator":74880.0,"global_denominator":35.71233568100001,"local":1893.0484393979623,"local_numerator":2592.0,"local_denominator":1.369220114}},{"name":"bitflip  1/1","id":4295032832,"test_count":71168,"discovery_count":8,"last_discovery_after":{"secs":3794,"nanos":690840771},"tests_per_second":{"global":2405.428328486529,"global_numerator":71168.0,"global_denominator":29.586414676000005,"local":1373.91107253604,"local_numerator":2304.0,"local_denominator":1.676964431}},{"name":"interest 16/8","id":47244705792,"test_count":165400,"discovery_count":1,"last_discovery_after":{"secs":1893,"nanos":402227902},"tests_per_second":{"global":2094.0116550361246,"global_numerator":165400.0,"global_denominator":78.98714393600003,"local":1445.3915886242294,"local_numerator":5740.0,"local_denominator":3.97124215}},{"name":"interest 32/8","id":51539673088,"test_count":130720,"discovery_count":3,"last_discovery_after":{"secs":1895,"nanos":44902577},"tests_per_second":{"global":2122.2959251077656,"global_numerator":130720.0,"global_denominator":61.59367242499999,"local":1603.6894555679119,"local_numerator":4048.0,"local_denominator":2.52417947}},{"name":"bitflip 32/8","id":25769869312,"test_count":8740,"discovery_count":1,"last_discovery_after":{"secs":6,"nanos":312862039},"tests_per_second":{"global":1678.8901645931317,"global_numerator":8740.0,"global_denominator":5.205820002000002,"local":11479437.708945906,"local_numerator":285.0,"local_denominator":0.000024827}},{"name":"arith   32/8","id":38654771200,"test_count":1183700,"discovery_count":2,"last_discovery_after":{"secs":22,"nanos":920251223},"tests_per_second":{"global":2035.238383719073,"global_numerator":1183700.0,"global_denominator":581.6026316470002,"local":1372.7521606720257,"local_numerator":39900.0,"local_denominator":29.065698196}},{"name":"bitflip 16/8","id":21474902016,"test_count":8844,"discovery_count":2,"last_discovery_after":{"secs":3810,"nanos":210558400},"tests_per_second":{"global":1973.024132734805,"global_numerator":8844.0,"global_denominator":4.482459111,"local":9407676.926607008,"local_numerator":287.0,"local_denominator":0.000030507}},{"name":"bitflip  8/8","id":17179934720,"test_count":8896,"discovery_count":0,"last_discovery_after":null,"tests_per_second":{"global":3204.774802047147,"global_numerator":8896.0,"global_denominator":2.7758580709999998,"local":18357.352250244872,"local_numerator":288.0,"local_denominator":0.015688537000000004}},{"name":"random","id":644245094401,"test_count":0,"discovery_count":0,"last_discovery_after":null,"tests_per_second":{"global":null,"global_numerator":0.0,"global_denominator":0.0,"local":null,"local_numerator":0.0,"local_denominator":0.0}},{"name":"afl havoc","id":472446402561,"test_count":6609920,"discovery_count":47,"last_discovery_after":{"secs":3601,"nanos":671295618},"tests_per_second":{"global":3237.37107773403,"global_numerator":6609920.0,"global_denominator":2041.755437139,"local":2508.752028898079,"local_numerator":1024.0,"local_denominator":0.40817107}},{"name":"bitflip  2/1","id":8590000128,"test_count":71116,"discovery_count":2,"last_discovery_after":{"secs":3796,"nanos":309237424},"tests_per_second":{"global":1920.6923709957608,"global_numerator":71116.0,"global_denominator":37.02623130800001,"local":1421.1257574743757,"local_numerator":2303.0,"local_denominator":1.6205462380000003}},{"name":"arith    8/8","id":30064836608,"test_count":602560,"discovery_count":0,"last_discovery_after":null,"tests_per_second":{"global":2046.597045323682,"global_numerator":602560.0,"global_denominator":294.4204387360001,"local":1446.6705841133087,"local_numerator":20160.0,"local_denominator":13.935446135}},{"name":"arith   16/8","id":34359803904,"test_count":1197980,"discovery_count":0,"last_discovery_after":null,"tests_per_second":{"global":2034.4657320033462,"global_numerator":1197980.0,"global_denominator":588.842555151,"local":1376.1804675514653,"local_numerator":40180.0,"local_denominator":29.196752132}},{"name":"random biflips","id":429496729601,"test_count":0,"discovery_count":0,"last_discovery_after":null,"tests_per_second":{"global":null,"global_numerator":0.0,"global_denominator":0.0,"local":null,"local_numerator":0.0,"local_denominator":0.0}}],"tests_per_second":{"global":2686.943019217671,"global_numerator":10204936.0,"global_denominator":3797.9726131190029,"local":11479437.708945906,"local_numerator":285.0,"local_denominator":0.000024827},"cycles_per_test":{"global":3.0719224500771,"global_numerator":31348772.0,"global_denominator":10204936.0,"local":9.0,"local_numerator":2565.0,"local_denominator":285.0},"cycles_per_second":{"global":8254.080582812707,"global_numerator":31348772.0,"global_denominator":3797.9726131190029,"local":103314939.38051315,"local_numerator":2565.0,"local_denominator":0.000024827},