{"entry":{"id":51,"inputs":[0,0,0,0,0,0,23,0,0,0,0,31,0,0,250,0,0,250,0,0,0,0,202,202,202,0,2,202,202,180,202,169,202,195,202,179,191,202,199,202,218,202,202,212,202,197,202,215,215,215,202,202,184,22,22,22,22,22,22,202,202,202,202,202,64,202,0,0,0,0,0,0,0,0,0,202,223,0,128,202,202,224,202,212,202,198,202,202,202,202,202,199,0,218,202,202,202,221,202,202,202,202,248,202,202,202,202,202,202,202,202,177,202,202,202,202,202,202,202,199,0,218,202,202,202,221,202,16,202,203,248,202,202,202,234,202,202,202,202,177,202,202,202,0,202,218,202,202,212,202,197,202,202,202,202,202,202,202,202,202,202,0,128,0,0,202,202,202,83,202,215,215,215,215,215,215,202,202,184,202,202,202,250,202,202,202,191,202,199,202,202,202,202,202,202,202,202,202,202,202,202,202,202,22,22,22,22,22,128,202,202,224,202,212,202,198,202,202,202,202,202,199,0,218,202,202,202,221,202,202,202,202,248,202,202,202,202,202,202,202,202,202,199,0,218,202,202,202,221,202,202,202,202,248,202,202,202,202,202,202,202,202,202,202,202,202,202,199,0,218,202,202,202,221,202,202,202,202,248,202,202,202,202,202,202,202,202,202],"lineage":{"parent":42,"mutation":{"mutator":{"id":472446402561,"seed":[3337396658,1864375351,3248096326,3203902340]},"ii":672}},"discovered_after":{"secs":3406,"nanos":370813523},"new_cov":[517,531,534,621,622,623,624,625,626,627,779,782,786,1763,1766,1767],"mutation_history":{"finished":[]}},"stats":{"mutators":[{"name":"bitflip  4/1","id":12884967424,"test_count":66410,"discovery_count":0,"last_discovery_after":null,"tests_per_second":{"global":2030.4986525279967,"global_numerator":66410.0,"global_denominator":32.706251697,"local":1397.9555786948463,"local_numerator":1533.0,"local_denominator":1.096601368}},{"name":"interest 8/8","id":42949738496,"test_count":74880,"discovery_count":0,"last_discovery_after":null,"tests_per_second":{"global":2096.7544847490419,"global_numerator":74880.0,"global_denominator":35.71233568100001,"local":1893.0484393979623,"local_numerator":2592.0,"local_denominator":1.369220114}},{"name":"bitflip  1/1","id":4295032832,"test_count":66560,"discovery_count":5,"last_discovery_after":{"secs":1762,"nanos":420024057},"tests_per_second":{"global":2509.0093623909776,"global_numerator":66560.0,"global_denominator":26.528398418000003,"local":3430.5992343376,"local_numerator":1536.0,"local_denominator":0.44773519}},{"name":"interest 16/8","id":47244705792,"test_count":165400,"discovery_count":1,"last_discovery_after":{"secs":1893,"nanos":402227902},"tests_per_second":{"global":2094.0116550361246,"global_numerator":165400.0,"global_denominator":78.98714393600003,"local":1445.3915886242294,"local_numerator":5740.0,"local_denominator":3.97124215}},{"name":"interest 32/8","id":51539673088,"test_count":122624,"discovery_count":3,"last_discovery_after":{"secs":1895,"nanos":44902577},"tests_per_second":{"global":2180.7620256205534,"global_numerator":122624.0,"global_denominator":56.229885956999989,"local":1360.6773424836052,"local_numerator":4560.0,"local_denominator":3.351272089}},{"name":"bitflip 32/8","id":25769869312,"test_count":8170,"discovery_count":1,"last_discovery_after":{"secs":6,"nanos":312862039},"tests_per_second":{"global":1846.840672097663,"global_numerator":8170.0,"global_denominator":4.423770888000003,"local":16724183.700557473,"local_numerator":189.0,"local_denominator":0.000011301}},{"name":"arith   32/8","id":38654771200,"test_count":1143800,"discovery_count":2,"last_discovery_after":{"secs":22,"nanos":920251223},"tests_per_second":{"global":2070.0878633689269,"global_numerator":1143800.0,"global_denominator":552.5369334510002,"local":2086.8231166490638,"local_numerator":26460.0,"local_denominator":12.679560519}},{"name":"bitflip 16/8","id":21474902016,"test_count":8270,"discovery_count":1,"last_discovery_after":{"secs":6,"nanos":311995971},"tests_per_second":{"global":1844.9878685990637,"global_numerator":8270.0,"global_denominator":4.482414297,"local":12591469.444261322,"local_numerator":191.0,"local_denominator":0.000015169000000000002}},{"name":"bitflip  8/8","id":17179934720,"test_count":8320,"discovery_count":0,"last_discovery_after":null,"tests_per_second":{"global":3026.2177223499527,"global_numerator":8320.0,"global_denominator":2.7493064819999999,"local":17440.67852959819,"local_numerator":192.0,"local_denominator":0.011008746000000002}},{"name":"random","id":644245094401,"test_count":0,"discovery_count":0,"last_discovery_after":null,"tests_per_second":{"global":null,"global_numerator":0.0,"global_denominator":0.0,"local":null,"local_numerator":0.0,"local_denominator":0.0}},{"name":"afl havoc","id":472446402561,"test_count":5829632,"discovery_count":38,"last_discovery_after":{"secs":3406,"nanos":370813523},"tests_per_second":{"global":3353.923353575632,"global_numerator":5829632.0,"global_denominator":1738.1530182509999,"local":1569.9707427672943,"local_numerator":1024.0,"local_denominator":0.652241454}},{"name":"bitflip  2/1","id":8590000128,"test_count":66510,"discovery_count":0,"last_discovery_after":null,"tests_per_second":{"global":1972.0177253422365,"global_numerator":66510.0,"global_denominator":33.726877373,"local":2796.315482178124,"local_numerator":1535.0,"local_denominator":0.548936631}},{"name":"arith    8/8","id":30064836608,"test_count":582400,"discovery_count":0,"last_discovery_after":null,"tests_per_second":{"global":2076.403427503463,"global_numerator":582400.0,"global_denominator":280.4849926010001,"local":2046.4313698941044,"local_numerator":13440.0,"local_denominator":6.567530286}},{"name":"arith   16/8","id":34359803904,"test_count":1157800,"discovery_count":0,"last_discovery_after":null,"tests_per_second":{"global":2068.808510229626,"global_numerator":1157800.0,"global_denominator":559.645803019,"local":2028.9142155206958,"local_numerator":26740.0,"local_denominator":13.179463082}},{"name":"random biflips","id":429496729601,"test_count":0,"discovery_count":0,"last_discovery_after":null,"tests_per_second":{"global":null,"global_numerator":0.0,"global_denominator":0.0,"local":null,"local_numerator":0.0,"local_denominator":0.0}}],"tests_per_second":{"global":2730.409154224052,"global_numerator":9300776.0,"global_denominator":3406.367132051007,"local":1569.9707427672943,"local_numerator":1024.0,"local_denominator":0.652241454},"cycles_per_test":{"global":2.9746924342657,"global_numerator":27666948.0,"global_denominator":9300776.0,"local":6.1787109375,"local_numerator":6327.0,"local_denominator":1024.0},"cycles_per_second":{"global":8122.127453520096,"global_numerator":27666948.0,"global_denominator":3406.367132051007,"local":9700.39539989128,"local_numerator":6327.0,"local_denominator":0.652241454},