{"entry":{"id":85,"inputs":[0,0,0,0,0,0,23,0,0,0,0,31,0,0,250,0,0,250,0,0,0,0,202,202,202,0,2,202,202,180,202,169,202,195,202,179,191,202,199,202,218,202,202,212,202,197,202,215,215,215,202,202,184,22,22,22,22,22,22,202,202,202,202,202,64,202,0,0,0,0,0,0,0,0,0,202,223,0,128,202,202,224,202,212,202,198,202,202,202,202,202,199,0,218,202,202,202,221,202,202,202,202,248,202,202,202,202,202,202,202,117,78,202,202,202,202,202,202,202,199,0,218,202,202,202,221,202,16,202,203,248,202,202,202,234,202,202,202,202,177,202,202,202,0,202,218,202,202,212,202,197,202,202,202,202,202,202,202,202,202,202,0,128,0,0,202,202,202,83,202,215,215,215,215,215,215,202,202,184,202,202,202,250,202,202,202,191,202,199,202,202,202,202,202,202,202,202,202,202,202,202,202,202,22,22,22,22,22,128,202,202,224,202,212,202,198,202,202,202,202,202,199,0,218,202,202,202,221,202,202,202,202,248,202,202,202,202,202,202,202,202,202,199,0,218,202,202,202,221,202,202,202,202,248,202,202,202,202,202,202,202,202,202,202,202,202,202,199,0,218,202,202,202,221,202,202,202,202,248,202,202,202,202,202,202,202,202,202],"lineage":{"parent":68,"mutation":{"mutator":{"id":4295032832,"seed":null},"ii":886}},"discovered_after":{"secs":5195,"nanos":180031461},"new_cov":[1777],"mutation_history":{"finished":[]}},"stats":{"mutators":[{"name":"bitflip  4/1","id":12884967424,"test_count":109108,"discovery_count":4,"last_discovery_after":{"secs":4033,"nanos":706887828},"tests_per_second":{"global":1719.6611991202538,"global_numerator":109108.0,"global_denominator":63.44738141199999,"local":1452.589354597972,"local_numerator":2301.0,"local_denominator":1.5840677840000002}},{"name":"interest 8/8","id":42949738496,"test_count":74880,"discovery_count":0,"last_discovery_after":null,"tests_per_second":{"global":2096.7544847490419,"global_numerator":74880.0,"global_denominator":35.71233568100001,"local":1893.0484393979623,"local_numerator":2592.0,"local_denominator":1.369220114}},{"name":"bitflip  1/1","id":4295032832,"test_count":111616,"discovery_count":15,"last_discovery_after":{"secs":5195,"nanos":180031461},"tests_per_second":{"global":1913.4746247501526,"global_numerator":111616.0,"global_denominator":58.331580966000007,"local":1448.5793242179405,"local_numerator":2304.0,"local_denominator":1.5905238750000002}},{"name":"interest 16/8","id":47244705792,"test_count":165400,"discovery_count":1,"last_discovery_after":{"secs":1893,"nanos":402227902},"tests_per_second":{"global":2094.0116550361246,"global_numerator":165400.0,"global_denominator":78.98714393600003,"local":1445.3915886242294,"local_numerator":5740.0,"local_denominator":3.97124215}},{"name":"interest 32/8","id":51539673088,"test_count":130720,"discovery_count":3,"last_discovery_after":{"secs":1895,"nanos":44902577},"tests_per_second":{"global":2122.2959251077656,"global_numerator":130720.0,"global_denominator":61.59367242499999,"local":1603.6894555679119,"local_numerator":4048.0,"local_denominator":2.52417947}},{"name":"bitflip 32/8","id":25769869312,"test_count":13460,"discovery_count":1,"last_discovery_after":{"secs":6,"nanos":312862039},"tests_per_second":{"global":1751.6552409676484,"global_numerator":13460.0,"global_denominator":7.684160493000001,"local":101111.15841457703,"local_numerator":285.0,"local_denominator":0.00281868}},{"name":"arith   32/8","id":38654771200,"test_count":1884400,"discovery_count":2,"last_discovery_after":{"secs":22,"nanos":920251223},"tests_per_second":{"global":1713.9155757058955,"global_numerator":1884400.0,"global_denominator":1099.4707246440005,"local":1440.2562061845823,"local_numerator":39900.0,"local_denominator":27.703404317}},{"name":"bitflip 16/8","id":21474902016,"test_count":13596,"discovery_count":3,"last_discovery_after":{"secs":3888,"nanos":393428193},"tests_per_second":{"global":1696.2843630625067,"global_numerator":13596.0,"global_denominator":8.015165556,"local":361.8096510021548,"local_numerator":287.0,"local_denominator":0.793234783}},{"name":"bitflip  8/8","id":17179934720,"test_count":13664,"discovery_count":0,"last_discovery_after":null,"tests_per_second":{"global":1961.9132863408668,"global_numerator":13664.0,"global_denominator":6.964629932999999,"local":37733.416556479846,"local_numerator":288.0,"local_denominator":0.007632492}},{"name":"random","id":644245094401,"test_count":0,"discovery_count":0,"last_discovery_after":null,"tests_per_second":{"global":null,"global_numerator":0.0,"global_denominator":0.0,"local":null,"local_numerator":0.0,"local_denominator":0.0}},{"name":"afl havoc","id":472446402561,"test_count":6609920,"discovery_count":47,"last_discovery_after":{"secs":3601,"nanos":671295618},"tests_per_second":{"global":3237.37107773403,"global_numerator":6609920.0,"global_denominator":2041.755437139,"local":2508.752028898079,"local_numerator":1024.0,"local_denominator":0.40817107}},{"name":"bitflip  2/1","id":8590000128,"test_count":109244,"discovery_count":6,"last_discovery_after":{"secs":4032,"nanos":890841267},"tests_per_second":{"global":1633.392534915915,"global_numerator":109244.0,"global_denominator":66.881657449,"local":1455.3419310763864,"local_numerator":2303.0,"local_denominator":1.582445988}},{"name":"arith    8/8","id":30064836608,"test_count":956480,"discovery_count":1,"last_discovery_after":{"secs":3967,"nanos":219813650},"tests_per_second":{"global":1715.3987544569255,"global_numerator":956480.0,"global_denominator":557.5846417720002,"local":1415.4707372604124,"local_numerator":20160.0,"local_denominator":14.242611641}},{"name":"arith   16/8","id":34359803904,"test_count":1903440,"discovery_count":2,"last_discovery_after":{"secs":4072,"nanos":319375240},"tests_per_second":{"global":1716.7529643452236,"global_numerator":1903440.0,"global_denominator":1108.7442628800002,"local":1447.649724342335,"local_numerator":40180.0,"local_denominator":27.755332885}},{"name":"random biflips","id":429496729601,"test_count":0,"discovery_count":0,"last_discovery_after":null,"tests_per_second":{"global":null,"global_numerator":0.0,"global_denominator":0.0,"local":null,"local_numerator":0.0,"local_denominator":0.0}}],"tests_per_second":{"global":2328.301382641961,"global_numerator":12095928.0,"global_denominator":5195.1727942860029,"local":1448.5793242179405,"local_numerator":2304.0,"local_denominator":1.5905238750000002},"cycles_per_test":{"global":2.9822396429608379,"global_numerator":36072956.0,"global_denominator":12095928.0,"local":9.0,"local_numerator":20736.0,"local_denominator":2304.0},"cycles_per_second":{"global":6943.552684075386,"global_numerator":36072956.0,"global_denominator":5195.1727942860029,"local":13037.213917961462,"local_numerator":20736.0,"local_denominator":1.5905238750000002},