{"entry":{"id":84,"inputs":[0,0,0,0,0,0,23,0,0,0,0,31,0,0,250,0,0,250,0,0,0,0,202,202,202,0,2,202,202,180,202,169,202,195,202,179,191,202,199,202,218,202,202,212,202,197,202,215,215,215,202,202,184,22,22,22,22,22,22,202,202,202,202,202,64,202,0,0,0,0,0,0,0,0,0,202,223,0,128,202,202,224,202,212,202,198,202,202,202,202,202,199,0,218,202,202,202,221,202,202,202,202,248,202,202,202,202,202,202,202,106,177,202,202,202,202,202,202,202,199,0,218,202,202,202,221,202,16,202,203,248,202,202,202,234,202,202,202,202,177,202,202,202,0,202,218,202,202,212,202,197,202,202,202,202,202,202,202,202,202,202,0,128,0,0,202,202,202,83,202,215,215,215,215,215,215,202,202,184,202,202,202,250,202,202,202,191,202,199,202,202,202,202,202,202,202,202,202,202,202,202,202,202,22,22,22,22,22,128,202,202,224,202,212,202,198,202,202,202,202,202,199,0,218,202,202,202,221,202,202,202,202,248,202,202,202,202,202,202,202,202,202,199,0,218,202,202,202,221,202,202,202,202,248,202,202,202,202,202,202,202,202,202,202,202,202,202,199,0,218,202,202,202,221,202,202,202,202,248,202,202,202,202,202,202,202,202,202],"lineage":{"parent":62,"mutation":{"mutator":{"id":4295032832,"seed":null},"ii":887}},"discovered_after":{"secs":4733,"nanos":602262358},"new_cov":[1773],"mutation_history":{"finished":[]}},"stats":{"mutators":[{"name":"bitflip  4/1","id":12884967424,"test_count":95302,"discovery_count":4,"last_discovery_after":{"secs":4033,"nanos":706887828},"tests_per_second":{"global":1803.0589677479005,"global_numerator":95302.0,"global_denominator":52.855731123999998,"local":1421.1134030220626,"local_numerator":2301.0,"local_denominator":1.6191529789999999}},{"name":"interest 8/8","id":42949738496,"test_count":74880,"discovery_count":0,"last_discovery_after":null,"tests_per_second":{"global":2096.7544847490419,"global_numerator":74880.0,"global_denominator":35.71233568100001,"local":1893.0484393979623,"local_numerator":2592.0,"local_denominator":1.369220114}},{"name":"bitflip  1/1","id":4295032832,"test_count":97792,"discovery_count":14,"last_discovery_after":{"secs":4733,"nanos":602262358},"tests_per_second":{"global":2020.135998738339,"global_numerator":97792.0,"global_denominator":48.408622024,"local":1386.1494522081756,"local_numerator":2304.0,"local_denominator":1.662158432}},{"name":"interest 16/8","id":47244705792,"test_count":165400,"discovery_count":1,"last_discovery_after":{"secs":1893,"nanos":402227902},"tests_per_second":{"global":2094.0116550361246,"global_numerator":165400.0,"global_denominator":78.98714393600003,"local":1445.3915886242294,"local_numerator":5740.0,"local_denominator":3.97124215}},{"name":"interest 32/8","id":51539673088,"test_count":130720,"discovery_count":3,"last_discovery_after":{"secs":1895,"nanos":44902577},"tests_per_second":{"global":2122.2959251077656,"global_numerator":130720.0,"global_denominator":61.59367242499999,"local":1603.6894555679119,"local_numerator":4048.0,"local_denominator":2.52417947}},{"name":"bitflip 32/8","id":25769869312,"test_count":11750,"discovery_count":1,"last_discovery_after":{"secs":6,"nanos":312862039},"tests_per_second":{"global":1529.7080289689755,"global_numerator":11750.0,"global_denominator":7.681204372000002,"local":354.52576041894488,"local_numerator":285.0,"local_denominator":0.803890808}},{"name":"arith   32/8","id":38654771200,"test_count":1645000,"discovery_count":2,"last_discovery_after":{"secs":22,"nanos":920251223},"tests_per_second":{"global":1770.192892014692,"global_numerator":1645000.0,"global_denominator":929.2772597950004,"local":1384.4027659888034,"local_numerator":39900.0,"local_denominator":28.821092373}},{"name":"bitflip 16/8","id":21474902016,"test_count":11874,"discovery_count":3,"last_discovery_after":{"secs":3888,"nanos":393428193},"tests_per_second":{"global":1646.4700268332077,"global_numerator":11874.0,"global_denominator":7.211792383999999,"local":10428021.219388126,"local_numerator":287.0,"local_denominator":0.000027522000000000003}},{"name":"bitflip  8/8","id":17179934720,"test_count":11936,"discovery_count":0,"last_discovery_after":null,"tests_per_second":{"global":2244.6536126200519,"global_numerator":11936.0,"global_denominator":5.317524241999999,"local":28076.781418162125,"local_numerator":288.0,"local_denominator":0.010257586}},{"name":"random","id":644245094401,"test_count":0,"discovery_count":0,"last_discovery_after":null,"tests_per_second":{"global":null,"global_numerator":0.0,"global_denominator":0.0,"local":null,"local_numerator":0.0,"local_denominator":0.0}},{"name":"afl havoc","id":472446402561,"test_count":6609920,"discovery_count":47,"last_discovery_after":{"secs":3601,"nanos":671295618},"tests_per_second":{"global":3237.37107773403,"global_numerator":6609920.0,"global_denominator":2041.755437139,"local":2508.752028898079,"local_numerator":1024.0,"local_denominator":0.40817107}},{"name":"bitflip  2/1","id":8590000128,"test_count":95426,"discovery_count":6,"last_discovery_after":{"secs":4032,"nanos":890841267},"tests_per_second":{"global":1673.678814065608,"global_numerator":95426.0,"global_denominator":57.015718427,"local":1390.1800436722254,"local_numerator":2303.0,"local_denominator":1.656619954}},{"name":"arith    8/8","id":30064836608,"test_count":835520,"discovery_count":1,"last_discovery_after":{"secs":3967,"nanos":219813650},"tests_per_second":{"global":1779.596692053225,"global_numerator":835520.0,"global_denominator":469.49963648000019,"local":1448.6415630979053,"local_numerator":20160.0,"local_denominator":13.916485978}},{"name":"arith   16/8","id":34359803904,"test_count":1662360,"discovery_count":2,"last_discovery_after":{"secs":4072,"nanos":319375240},"tests_per_second":{"global":1771.7076503303773,"global_numerator":1662360.0,"global_denominator":938.2812111750002,"local":1345.506254958017,"local_numerator":40180.0,"local_denominator":29.862365821}},{"name":"random biflips","id":429496729601,"test_count":0,"discovery_count":0,"last_discovery_after":null,"tests_per_second":{"global":null,"global_numerator":0.0,"global_denominator":0.0,"local":null,"local_numerator":0.0,"local_denominator":0.0}}],"tests_per_second":{"global":2418.4313325743567,"global_numerator":11447880.0,"global_denominator":4733.597289204004,"local":1386.1494522081756,"local_numerator":2304.0,"local_denominator":1.662158432},"cycles_per_test":{"global":3.0280020405524867,"global_numerator":34664204.0,"global_denominator":11447880.0,"local":9.0,"local_numerator":20736.0,"local_denominator":2304.0},"cycles_per_second":{"global":7323.015009971221,"global_numerator":34664204.0,"global_denominator":4733.597289204004,"local":12475.34506987358,"local_numerator":20736.0,"local_denominator":1.662158432},